{
	"easycom": {
		"^u-(.*)": "@/uview-ui/components/u-$1/u-$1.vue"
	},
	"pages": [{
			"path": "pages/mine/mine",
			"style": {
				"navigationBarTitleText": "我的页面",
				"enablePullDownRefresh": false
			}

		}, {
			"path": "pages/login/login",
			"style": {
				"enablePullDownRefresh": false,
				"navigationStyle": "custom",
				"navigationBarTextStyle": "white"
			}

		}, {
			"path": "pages/setting/setting",
			"style": {
				"navigationBarTitleText": "设置",
				"enablePullDownRefresh": false
			}

		},
		{
			"path": "pages/parent/teacher/teacher",
			"style": {
				"navigationBarTitleText": "选择老师",
				"enablePullDownRefresh": false
			}

		},
		{
			"path": "pages/parent/teacherDetail/index",
			"style": {
				"navigationBarTitleText": "老师详情",
				"enablePullDownRefresh": false
			}

		},
		{
			"path": "pages/parent/lesson/lesson",
			"style": {
				"navigationBarTitleText": "优选课程",
				"enablePullDownRefresh": false
			}
		},
		{
			"path": "pages/parent/lesssonDetail/index",
			"style": {
				"navigationBarTitleText": "课程详情",
				"enablePullDownRefresh": false
			}
		},
		{
			"path": "pages/parent/order/order",
			"style": {
				"navigationBarTitleText": "在线订单",
				"enablePullDownRefresh": false
			}

		}, {
			"path": "pages/parent/online/online",
			"style": {
				"navigationBarTitleText": "在线课堂",
				"enablePullDownRefresh": false
			}

		}, {
			"path": "pages/teacher/accept/accept",
			"style": {
				"navigationBarTitleText": "老师接单",
				"enablePullDownRefresh": false
			}

		},
		{
			"path": "pages/teacher/accept/order_detail",
			"style": {
				"navigationBarTitleText": "接单详情",
				"enablePullDownRefresh": false
			}
		
		},
		{
			"path": "pages/teacher/lesson/lesson",
			"style": {
				"navigationBarTitleText": "发布课程",
				"enablePullDownRefresh": false
			}

		}, {
			"path": "pages/teacher/order/order",
			"style": {
				"navigationBarTitleText": "在线订单",
				"enablePullDownRefresh": false
			}

		}, {
			"path": "pages/teacher/online/online",
			"style": {
				"navigationBarTitleText": "在线课堂",
				"enablePullDownRefresh": false
			}

		}, {
			"path": "pages/teacher/enter/enter",
			"style": {
				"navigationBarTitleText": "教师入驻",
				"enablePullDownRefresh": false
			}

		}, {
			"path": "pages/teacher/realname/realname",
			"style": {
				"navigationBarTitleText": "实名认证",
				"enablePullDownRefresh": false
			}

		}, {
			"path": "pages/agreement/agreement",
			"style": {
				"navigationBarTitleText": "用户协议",
				"enablePullDownRefresh": false
			}

		}, {
			"path": "pages/profile/profile",
			"style": {
				"navigationBarTitleText": "我的资料",
				"enablePullDownRefresh": false
			}

		},
		{
			"path": "pages/teacher/submitLesson/index",
			"style": {
				"navigationBarTitleText": "发布课程",
				"enablePullDownRefresh": false
			}
		},
		{
			"path": "pages/teacher/editLesson/index",
			"style": {
				"navigationBarTitleText": "修改课程",
				"enablePullDownRefresh": false
			}
		},
		{
			"path": "pages/teacher/lessonList/index",
			"style": {
				"navigationBarTitleText": "课程列表",
				"enablePullDownRefresh": false
			}
		},
		{
			"path": "pages/store/index/index",
			"style": {
				"navigationBarTitleText": "分销中心",
				"enablePullDownRefresh": false
			}
		},
		{
			"path": "pages/store/apply/index",
			"style": {
				"navigationBarTitleText": "申请分销",
				"enablePullDownRefresh": false
			}
		},
		// {
		// 	"path": "pages/store/apply/school",
		// 	"style": {
		// 		"navigationBarTitleText": "高校代理",
		// 		"enablePullDownRefresh": false
		// 	}
		// },
		// {
		// 	"path": "pages/store/apply/city",
		// 	"style": {
		// 		"navigationBarTitleText": "城市代理",
		// 		"enablePullDownRefresh": false
		// 	}
		// },
		// {
		// 	"path": "pages/store/index/poster",
		// 	"style": {
		// 		"navigationBarTitleText": "我的海报",
		// 		"enablePullDownRefresh": false
		// 	}
		// },
		// {
		// 	"path": "pages/store/index/income",
		// 	"style": {
		// 		"navigationBarTitleText": "收益统计",
		// 		"enablePullDownRefresh": false
		// 	}
		// },
		// {
		// 	"path": "pages/store/index/out",
		// 	"style": {
		// 		"navigationBarTitleText": "提现",
		// 		"enablePullDownRefresh": false
		// 	}
		// },
		// {
		// 	"path": "pages/store/index/out_record",
		// 	"style": {
		// 		"navigationBarTitleText": "提现记录",
		// 		"enablePullDownRefresh": false
		// 	}
		// },
		// {
		// 	"path": "pages/store/index/out_detail",
		// 	"style": {
		// 		"navigationBarTitleText": "提现详情",
		// 		"enablePullDownRefresh": false
		// 	}
		// },
		// {
		// 	"path": "pages/parent/order/index",
		// 	"style": {
		// 		"navigationBarTitleText": "我的课程订单",
		// 		"enablePullDownRefresh": false
		// 	}
		// },
		// {
		// 	"path": "pages/parent/order/comment",
		// 	"style": {
		// 		"navigationBarTitleText": "评价",
		// 		"enablePullDownRefresh": false
		// 	}
		// },
		// {
		// 	"path": "pages/parent/order/order_detail",
		// 	"style": {
		// 		"navigationBarTitleText": "订单详情",
		// 		"enablePullDownRefresh": false
		// 	}
		// },
		// {
		// 	"path": "pages/parent/order/refund",
		// 	"style": {
		// 		"navigationBarTitleText": "订单退款",
		// 		"enablePullDownRefresh": false
		// 	}
		// },

		// {
		// 	"path": "pages/parent/demand/index",
		// 	"style": {
		// 		"navigationBarTitleText": "我的需求订单",
		// 		"enablePullDownRefresh": false
		// 	}
		// },
		{
			"path": "pages/parent/demand/demand_detail",
			"style": {
				"navigationBarTitleText": "需求详情",
				"enablePullDownRefresh": false
			}
		},
		// {
		// 	"path": "pages/parent/demand/comment",
		// 	"style": {
		// 		"navigationBarTitleText": "评价",
		// 		"enablePullDownRefresh": false
		// 	}
		// },
		// {
		// 	"path": "pages/parent/demand/order_detail",
		// 	"style": {
		// 		"navigationBarTitleText": "订单详情",
		// 		"enablePullDownRefresh": false
		// 	}
		// },
		// {
		// 	"path": "pages/parent/demand/refund",
		// 	"style": {
		// 		"navigationBarTitleText": "订单退款",
		// 		"enablePullDownRefresh": false
		// 	}
		// },
		{
			"path": "pages/parent/submitDemand/index",
			"style": {
				"navigationBarTitleText": "发布需求",
				"enablePullDownRefresh": false
			}
		},
		{
			"path": "pages/store/index/myparent",
			"style": {
				"navigationBarTitleText": "我的上司",
				"enablePullDownRefresh": false
			}
		},
		{
			"path": "pages/store/index/myunder",
			"style": {
				"navigationBarTitleText": "我的员工",
				"enablePullDownRefresh": false
			}
		},
		// {
		// 	"path": "pages/store/apply/school",
		// 	"style": {
		// 		"navigationBarTitleText": "高校代理",
		// 		"enablePullDownRefresh": false
		// 	}
		// },
		// {
		// 	"path": "pages/store/apply/city",
		// 	"style": {
		// 		"navigationBarTitleText": "城市代理",
		// 		"enablePullDownRefresh": false
		// 	}
		// },
		// {
		// 	"path": "pages/store/index/poster",
		// 	"style": {
		// 		"navigationBarTitleText": "我的海报",
		// 		"enablePullDownRefresh": false
		// 	}
		// },
		// {
		// 	"path": "pages/store/index/income",
		// 	"style": {
		// 		"navigationBarTitleText": "收益统计",
		// 		"enablePullDownRefresh": false
		// 	}
		// },
		// {
		// 	"path": "pages/store/index/out",
		// 	"style": {
		// 		"navigationBarTitleText": "提现",
		// 		"enablePullDownRefresh": false
		// 	}
		// },
		// {
		// 	"path": "pages/store/index/out_record",
		// 	"style": {
		// 		"navigationBarTitleText": "提现记录",
		// 		"enablePullDownRefresh": false
		// 	}
		// },
		// {
		// 	"path": "pages/store/index/out_detail",
		// 	"style": {
		// 		"navigationBarTitleText": "提现详情",
		// 		"enablePullDownRefresh": false
		// 	}
		// },
		// {
		// 	"path": "pages/parent/order/index",
		// 	"style": {
		// 		"navigationBarTitleText": "我的课程订单",
		// 		"enablePullDownRefresh": false
		// 	}
		// },
		// {
		// 	"path": "pages/parent/order/comment",
		// 	"style": {
		// 		"navigationBarTitleText": "评价",
		// 		"enablePullDownRefresh": false
		// 	}
		// },
		// {
		// 	"path": "pages/parent/order/order_detail",
		// 	"style": {
		// 		"navigationBarTitleText": "订单详情",
		// 		"enablePullDownRefresh": false
		// 	}
		// },
		// {
		// 	"path": "pages/parent/order/refund",
		// 	"style": {
		// 		"navigationBarTitleText": "订单退款",
		// 		"enablePullDownRefresh": false
		// 	}
		// },

		// {
		// 	"path": "pages/parent/demand/index",
		// 	"style": {
		// 		"navigationBarTitleText": "我的需求订单",
		// 		"enablePullDownRefresh": false
		// 	}
		// },
		{
			"path": "pages/parent/demand/order_comment",
			"style": {
				"navigationBarTitleText": "评价",
				"enablePullDownRefresh": false
			}
		},
		// {
		// 	"path": "pages/parent/demand/order_detail",
		// 	"style": {
		// 		"navigationBarTitleText": "订单详情",
		// 		"enablePullDownRefresh": false
		// 	}
		// },
		// {
		// 	"path": "pages/parent/demand/refund",
		// 	"style": {
		// 		"navigationBarTitleText": "订单退款",
		// 		"enablePullDownRefresh": false
		// 	}
		// },
		{
			"path": "pages/common/map",
			"style": {
				"navigationBarTitleText": "选择位置",
				"enablePullDownRefresh": false
			}
		},
		{
			"path": "pages/store/apply/school",
			"style": {
				"navigationBarTitleText": "高校代理",
				"enablePullDownRefresh": false
			}
		},
		{
			"path": "pages/store/apply/city",
			"style": {
				"navigationBarTitleText": "城市代理",
				"enablePullDownRefresh": false
			}
		},
		{
			"path": "pages/store/index/poster",
			"style": {
				"navigationBarTitleText": "我的海报",
				"enablePullDownRefresh": false
			}
		},
		{
			"path": "pages/store/index/income",
			"style": {
				"navigationBarTitleText": "收益统计",
				"enablePullDownRefresh": false
			}
		},
		{
			"path": "pages/store/index/out",
			"style": {
				"navigationBarTitleText": "提现",
				"enablePullDownRefresh": false
			}
		},
		{
			"path": "pages/store/index/out_record",
			"style": {
				"navigationBarTitleText": "提现记录",
				"enablePullDownRefresh": false
			}
		},
		{
			"path": "pages/store/index/out_detail",
			"style": {
				"navigationBarTitleText": "提现详情",
				"enablePullDownRefresh": false
			}
		},
		{
			"path": "pages/parent/order/index",
			"style": {
				"navigationBarTitleText": "我的课程订单",
				"enablePullDownRefresh": false
			}
		},
		{
			"path": "pages/parent/order/comment",
			"style": {
				"navigationBarTitleText": "评价",
				"enablePullDownRefresh": false
			}
		},
		{
			"path": "pages/parent/order/order_detail",
			"style": {
				"navigationBarTitleText": "订单详情",
				"enablePullDownRefresh": false
			}
		},
		{
			"path": "pages/parent/order/refund",
			"style": {
				"navigationBarTitleText": "订单退款",
				"enablePullDownRefresh": false
			}
		},

		{
			"path": "pages/parent/demand/index",
			"style": {
				"navigationBarTitleText": "我的需求订单",
				"enablePullDownRefresh": false
			}
		},
		{
			"path": "pages/parent/demand/comment",
			"style": {
				"navigationBarTitleText": "评价",
				"enablePullDownRefresh": false
			}
		},
		{
			"path": "pages/parent/demand/order_detail",
			"style": {
				"navigationBarTitleText": "订单详情",
				"enablePullDownRefresh": false
			}
		},
		{
			"path": "pages/parent/demand/refund",
			"style": {
				"navigationBarTitleText": "订单退款",
				"enablePullDownRefresh": false
			}
		},
		// {
		// 	"path": "pages/common/map",
		// 	"style": {
		// 		"navigationBarTitleText": "选择位置",
		// 		"enablePullDownRefresh": false
		// 	}
		// },


		{
			"path": "pages/teacher/order/index",
			"style": {
				"navigationBarTitleText": "我的课程订单",
				"enablePullDownRefresh": false
			}
		},
		{
			"path": "pages/teacher/order/comment",
			"style": {
				"navigationBarTitleText": "评价",
				"enablePullDownRefresh": false
			}
		},
		{
			"path": "pages/teacher/order/order_detail",
			"style": {
				"navigationBarTitleText": "订单详情",
				"enablePullDownRefresh": false
			}
		},
		{
			"path": "pages/teacher/order/refund",
			"style": {
				"navigationBarTitleText": "订单退款",
				"enablePullDownRefresh": false
			}
		},

		{
			"path": "pages/teacher/demand/index",
			"style": {
				"navigationBarTitleText": "我的需求订单",
				"enablePullDownRefresh": false
			}
		},
		{
			"path": "pages/teacher/demand/comment",
			"style": {
				"navigationBarTitleText": "评价",
				"enablePullDownRefresh": false
			}
		},
		{
			"path": "pages/teacher/demand/order_detail",
			"style": {
				"navigationBarTitleText": "订单详情",
				"enablePullDownRefresh": false
			}
		},
		{
			"path": "pages/teacher/demand/refund",
			"style": {
				"navigationBarTitleText": "订单退款",
				"enablePullDownRefresh": false
			}
		} 
	    ,{
            "path" : "pages/parent/info/info",
            "style" :                                                                                    
            {
                "navigationBarTitleText": "课程详情",
                "enablePullDownRefresh": false
            }
            
        }
        ,{
            "path" : "pages/collot/collot",
            "style" :                                                                                    
            {
                "navigationBarTitleText": "我的收藏",
                "enablePullDownRefresh": false
            }
            
        }
    ],
	"tabBar": {
		"backgroundColor": "#fff",
		"color": "#707070",
		"selectedColor": "#00c65d",
		"list": [
			{
			"text": "选择老师",
			"iconPath": "static/laoshi.png",
			"selectedIconPath": "static/laoshi_2.png",
			"pagePath": "pages/parent/teacher/teacher"
		}, 
		{
			"text": "优选课堂",
			"iconPath": "static/youxuan.png",
			"selectedIconPath": "static/youxuan_2.png",
			"pagePath": "pages/parent/lesson/lesson"
		}, 
		{
			"text": "在线订单",
			"iconPath": "static/dingdan.png",
			"selectedIconPath": "static/dingdan_2.png",
			"pagePath": "pages/parent/order/order"
		}, 
		{
			"text": "在线课堂",
			"iconPath": "static/ketang.png",
			"selectedIconPath": "static/ketang_2.png",
			"pagePath": "pages/parent/online/online"
		}, 
		{
			"text": "老师接单",
			"iconPath": "static/laoshi.png",
			"selectedIconPath": "static/laoshi_2.png",
			"pagePath": "pages/teacher/accept/accept"
		}, {
			"text": "发布课程",
			"iconPath": "static/youxuan.png",
			"selectedIconPath": "static/youxuan_2.png",
			"pagePath": "pages/teacher/lesson/lesson"
		}, {
			"text": "在线订单",
			"iconPath": "static/dingdan.png",
			"selectedIconPath": "static/dingdan_2.png",
			"pagePath": "pages/teacher/order/order"
		}, {
			"text": "在线课堂",
			"iconPath": "static/ketang.png",
			"selectedIconPath": "static/ketang_2.png",
			"pagePath": "pages/teacher/online/online"
		}, {
			"text": "我的页面",
			"iconPath": "static/user.png",
			"selectedIconPath": "static/user_2.png",
			"pagePath": "pages/mine/mine"
		}]
	},
	"globalStyle": {
		"navigationBarTextStyle": "white",
		"navigationBarTitleText": "必加分",
		"navigationBarBackgroundColor": "#00c65d",
		"backgroundColor": "#00c65d"
	},
	"condition" : { //模式配置，仅开发期间生效
		"current": 0, //当前激活的模式(list 的索引项)
		"list": [
			{
				"name": "", //模式名称
				"path": "", //启动页面，必选
				"query": "" //启动参数，在页面的onLoad函数里面得到
			}
		]
	}
}
